id,survey_date,stream,distance,type,species,gravel,life_stage,sex,adipose_fin,spawning_success,predation,notes,survey_year,carcass_age_hours,standard_length,width,redd_substrate,source,source_file,ec5_uuid,created_at,lat,lon,gps_accuracy,utm_northing,utm_easting,utm_zone,photo,location,activity
110715001.0,2015-11-07,Piper's Creek,0,dead,chum,,adult,male,yes,unspawned,yes, original distance: Beach,2015,24.0,27.0,5.0,,scanned,salmon_2015_scanned_raw.csv,,,,,,,,,,,
110715002.0,2015-11-07,Piper's Creek,0,dead,chum,,adult,male,yes,spawned,, original distance: Beach,2015,24.0,,,,scanned,salmon_2015_scanned_raw.csv,,,,,,,,,,,
110715003.0,2015-11-07,Piper's Creek,0,dead,chum,,adult,male,yes,spawned,, original distance: Beach,2015,24.0,25.5,5.0,,scanned,salmon_2015_scanned_raw.csv,,,,,,,,,,,
110715004.0,2015-11-07,Piper's Creek,0,dead,chum,,adult,male,yes,,yes, original distance: Beach,2015,24.0,,,,scanned,salmon_2015_scanned_raw.csv,,,,,,,,,,,
110715005.0,2015-11-07,Piper's Creek,0,dead,chum,,adult,male,yes,,, original distance: Beach,2015,24.0,28.5,5.5,,scanned,salmon_2015_scanned_raw.csv,,,,,,,,,,,
110715006.0,2015-11-07,Piper's Creek,200,dead,chum,,adult,male,yes,unspawned,yes,,2015,48.0,30.0,7.0,,scanned,salmon_2015_scanned_raw.csv,,,,,,,,,,,
110715007.0,2015-11-07,Piper's Creek,200,dead,chum,,adult,male,yes,unspawned,yes,,2015,72.0,30.0,6.5,,scanned,salmon_2015_scanned_raw.csv,,,,,,,,,,,
110715008.0,2015-11-07,Piper's Creek,300,dead,chum,,adult,male,yes,unspawned,yes,,2015,48.0,29.0,6.0,,scanned,salmon_2015_scanned_raw.csv,,,,,,,,,,,
110715009.0,2015-11-07,Piper's Creek,400,dead,chum,,adult,male,yes,spawned,yes,,2015,72.0,26.5,4.5,,scanned,salmon_2015_scanned_raw.csv,,,,,,,,,,,
110715010.0,2015-11-07,Piper's Creek,400,dead,chum,,adult,female,yes,spawned,yes,,2015,,28.0,4.5,,scanned,salmon_2015_scanned_raw.csv,,,,,,,,,,,
110715011.0,2015-11-07,Piper's Creek,300,live,chum,,adult,,,,,,2015,,,,,scanned,salmon_2015_scanned_raw.csv,,,,,,,,,,,
110715012.0,2015-11-07,Piper's Creek,480,dead,chum,,adult,male,yes,partially spawned,yes,,2015,72.0,27.0,5.0,,scanned,salmon_2015_scanned_raw.csv,,,,,,,,,,,
110715013.0,2015-11-07,Piper's Creek,500,dead,chum,,adult,male,yes,unspawned,yes,,2015,48.0,26.0,6.0,,scanned,salmon_2015_scanned_raw.csv,,,,,,,,,,,
110715014.0,2015-11-07,Piper's Creek,510,dead,chum,,adult,male,yes,partially spawned,yes,,2015,72.0,30.0,6.5,,scanned,salmon_2015_scanned_raw.csv,,,,,,,,,,,
110715015.0,2015-11-07,Piper's Creek,520,live,chum,,adult,male,,,,,2015,,,,,scanned,salmon_2015_scanned_raw.csv,,,,,,,,,,,
110715016.0,2015-11-07,Piper's Creek,520,live,chum,,adult,male,,,,,2015,,,,,scanned,salmon_2015_scanned_raw.csv,,,,,,,,,,,
110715017.0,2015-11-07,Piper's Creek,520,dead,chum,,adult,male,yes,partially spawned,yes,,2015,72.0,30.0,7.0,,scanned,salmon_2015_scanned_raw.csv,,,,,,,,,,,
110715018.0,2015-11-07,Piper's Creek,520,dead,chum,,adult,male,yes,partially spawned,yes,,2015,72.0,28.0,4.5,,scanned,salmon_2015_scanned_raw.csv,,,,,,,,,,,
110715019.0,2015-11-07,Piper's Creek,520,dead,chum,,adult,male,yes,spawned,yes,,2015,48.0,31.0,6.0,,scanned,salmon_2015_scanned_raw.csv,,,,,,,,,,,
110715020.0,2015-11-07,Piper's Creek,600,live,chum,,adult,,yes,,no,,2015,,,,,scanned,salmon_2015_scanned_raw.csv,,,,,,,,,,,
110715021.0,2015-11-07,Piper's Creek,600,live,chum,,adult,female,yes,,no,,2015,,,,,scanned,salmon_2015_scanned_raw.csv,,,,,,,,,,,
110715022.0,2015-11-07,Piper's Creek,650,dead,chum,,adult,male,yes,unspawned,no,,2015,96.0,26.0,6.0,,scanned,salmon_2015_scanned_raw.csv,,,,,,,,,,,
110715023.0,2015-11-07,Piper's Creek,790,dead,chum,,adult,male,yes,unspawned,no,,2015,48.0,27.0,6.0,,scanned,salmon_2015_scanned_raw.csv,,,,,,,,,,,
110715024.0,2015-11-07,Piper's Creek,805,dead,chum,,adult,male,yes,partially spawned,no,,2015,48.0,31.0,7.0,,scanned,salmon_2015_scanned_raw.csv,,,,,,,,,,,
110715025.0,2015-11-07,Piper's Creek,805,dead,chum,,adult,male,yes,partially spawned,no,,2015,96.0,27.0,6.0,,scanned,salmon_2015_scanned_raw.csv,,,,,,,,,,,
110715026.0,2015-11-07,Piper's Creek,805,dead,chum,,adult,male,yes,partially spawned,no,,2015,72.0,27.0,5.0,,scanned,salmon_2015_scanned_raw.csv,,,,,,,,,,,
110715027.0,2015-11-07,Piper's Creek,805,dead,chum,,adult,male,yes,partially spawned,no,,2015,96.0,29.0,6.5,,scanned,salmon_2015_scanned_raw.csv,,,,,,,,,,,
110715028.0,2015-11-07,Piper's Creek,820,dead,chum,,adult,male,yes,spawned,partial,,2015,60.0,25.0,5.0,,scanned,salmon_2015_scanned_raw.csv,,,,,,,,,,,
110715029.0,2015-11-07,Piper's Creek,820,remnant,chum,,adult,,yes,,no,,2015,72.0,,,,scanned,salmon_2015_scanned_raw.csv,,,,,,,,,,,
110715030.0,2015-11-07,Piper's Creek,850,dead,chum,,adult,male,yes,partially spawned,no,,2015,72.0,27.0,6.5,,scanned,salmon_2015_scanned_raw.csv,,,,,,,,,,,
110715031.0,2015-11-07,Piper's Creek,850,dead,chum,,adult,male,yes,partially spawned,no,,2015,72.0,28.0,5.5,,scanned,salmon_2015_scanned_raw.csv,,,,,,,,,,,
110715032.0,2015-11-07,Piper's Creek,850,dead,chum,,adult,male,yes,unspawned,no,,2015,72.0,29.0,6.0,,scanned,salmon_2015_scanned_raw.csv,,,,,,,,,,,
110715033.0,2015-11-07,Piper's Creek,850,dead,chum,,adult,male,yes,unspawned,yes,,2015,72.0,30.0,6.5,,scanned,salmon_2015_scanned_raw.csv,,,,,,,,,,,
110715034.0,2015-11-07,Piper's Creek,850,dead,coho,,,,,,,,2015,,,,,scanned,salmon_2015_scanned_raw.csv,,,,,,,,,,,
110715035.0,2015-11-07,Piper's Creek,890,dead,chum,,adult,female,yes,spawned,yes,,2015,72.0,24.0,5.0,,scanned,salmon_2015_scanned_raw.csv,,,,,,,,,,,
110715036.0,2015-11-07,Piper's Creek,910,dead,chum,,adult,female,yes,spawned,no,,2015,48.0,22.5,4.0,,scanned,salmon_2015_scanned_raw.csv,,,,,,,,,,,
110715037.0,2015-11-07,Piper's Creek,1070,live,chum,,adult,,,,,,2015,,,,,scanned,salmon_2015_scanned_raw.csv,,,,,,,,,,,
110715038.0,2015-11-07,Piper's Creek,1110,dead,chum,,adult,male,yes,spawned,,,2015,48.0,30.0,7.0,,scanned,salmon_2015_scanned_raw.csv,,,,,,,,,,,
110715039.0,2015-11-07,Piper's Creek,1145,dead,chum,,adult,male,yes,spawned,,,2015,72.0,28.0,5.5,,scanned,salmon_2015_scanned_raw.csv,,,,,,,,,,,
110715040.0,2015-11-07,Piper's Creek,1210,dead,chum,,adult,female,yes,spawned,,,2015,48.0,25.5,5.5,,scanned,salmon_2015_scanned_raw.csv,,,,,,,,,,,
110715041.0,2015-11-07,Piper's Creek,1250,dead,chum,,adult,female,yes,spawned,,,2015,72.0,27.0,5.0,,scanned,salmon_2015_scanned_raw.csv,,,,,,,,,,,
110715042.0,2015-11-07,Piper's Creek,1250,dead,chum,,adult,male,yes,unspawned,,,2015,60.0,30.0,7.0,,scanned,salmon_2015_scanned_raw.csv,,,,,,,,,,,
110715043.0,2015-11-07,Piper's Creek,1275,live,chum,,adult,,,,,,2015,,,,,scanned,salmon_2015_scanned_raw.csv,,,,,,,,,,,
110715044.0,2015-11-07,Piper's Creek,1275,live,chum,,adult,,,,,,2015,,,,,scanned,salmon_2015_scanned_raw.csv,,,,,,,,,,,
110715045.0,2015-11-07,Piper's Creek,1275,dead,chum,,adult,female,yes,spawned,,,2015,48.0,27.0,4.5,,scanned,salmon_2015_scanned_raw.csv,,,,,,,,,,,
110715046.0,2015-11-07,Piper's Creek,1325,dead,chum,,adult,female,yes,spawned,,,2015,72.0,24.0,4.0,,scanned,salmon_2015_scanned_raw.csv,,,,,,,,,,,
110715047.0,2015-11-07,Piper's Creek,1300,live,chum,,adult,male,,,,,2015,,,,,scanned,salmon_2015_scanned_raw.csv,,,,,,,,,,,
110715048.0,2015-11-07,Piper's Creek,1500,dead,chum,,adult,male,yes,unspawned,,,2015,72.0,28.0,5.5,,scanned,salmon_2015_scanned_raw.csv,,,,,,,,,,,
110715049.0,2015-11-07,Piper's Creek,1550,remnant,coho,,adult,male,,,,No head,2015,,,,,scanned,salmon_2015_scanned_raw.csv,,,,,,,,,,,
110715050.0,2015-11-07,Piper's Creek,1700,dead,chum,,adult,male,yes,partially spawned,,,2015,48.0,30.0,6.5,,scanned,salmon_2015_scanned_raw.csv,,,,,,,,,,,
110715051.0,2015-11-07,Piper's Creek,1710,remnant,chum,,adult,male,yes,spawned,,No head,2015,48.0,,,,scanned,salmon_2015_scanned_raw.csv,,,,,,,,,,,
110715052.0,2015-11-07,Piper's Creek,1710,remnant,chum,,adult,male,,spawned,,No head,2015,,,,,scanned,salmon_2015_scanned_raw.csv,,,,,,,,,,,
110715053.0,2015-11-07,Piper's Creek,1775,remnant,chum,,adult,male,,,,,2015,,,,,scanned,salmon_2015_scanned_raw.csv,,,,,,,,,,,
110715054.0,2015-11-07,Piper's Creek,1775,remnant,chum,,adult,male,yes,,yes,,2015,,,,,scanned,salmon_2015_scanned_raw.csv,,,,,,,,,,,
110715055.0,2015-11-07,Piper's Creek,1800,live,chum,,adult,,,,,,2015,,,,,scanned,salmon_2015_scanned_raw.csv,,,,,,,,,,,
110715056.0,2015-11-07,Piper's Creek,1800,live,chum,,adult,,,,,,2015,,,,,scanned,salmon_2015_scanned_raw.csv,,,,,,,,,,,
110715057.0,2015-11-07,Piper's Creek,1800,live,chum,,adult,,,,,,2015,,,,,scanned,salmon_2015_scanned_raw.csv,,,,,,,,,,,
110715058.0,2015-11-07,Piper's Creek,1825,dead,chum,,adult,male,yes,,yes,,2015,72.0,26.0,5.0,,scanned,salmon_2015_scanned_raw.csv,,,,,,,,,,,
110715059.0,2015-11-07,Piper's Creek,1825,dead,chum,,adult,male,yes,unspawned,yes,,2015,60.0,30.0,6.0,,scanned,salmon_2015_scanned_raw.csv,,,,,,,,,,,
110715060.0,2015-11-07,Piper's Creek,1840,dead,chum,,adult,male,yes,spawned,yes,,2015,72.0,28.0,6.0,,scanned,salmon_2015_scanned_raw.csv,,,,,,,,,,,
110715061.0,2015-11-07,Piper's Creek,1875,dead,chum,,adult,male,yes,partially spawned,yes,,2015,72.0,28.0,5.5,,scanned,salmon_2015_scanned_raw.csv,,,,,,,,,,,
111415001.0,2015-11-14,Piper's Creek,0,dead,coho,,adult,male,yes,partially spawned,yes," original distance: Beach
0 ft",2015,48.0,18.5,3.5,,scanned,salmon_2015_scanned_raw.csv,,,,,,,,,,,
111415002.0,2015-11-14,Piper's Creek,0,remnant,coho,,,,no,,yes," original distance: Beach
0 ft",2015,72.0,,,,scanned,salmon_2015_scanned_raw.csv,,,,,,,,,,,
111415003.0,2015-11-14,Piper's Creek,0,dead,chum,,adult,male,no,partially spawned,yes," original distance: Beach
0 ft",2015,72.0,26.0,5.0,,scanned,salmon_2015_scanned_raw.csv,,,,,,,,,,,
111415004.0,2015-11-14,Piper's Creek,0,dead,chum,,adult,male,yes,,yes," original distance: Beach
0 ft",2015,72.0,24.0,5.5,,scanned,salmon_2015_scanned_raw.csv,,,,,,,,,,,
111415005.0,2015-11-14,Piper's Creek,100,dead,chum,,adult,female,yes,spawned,no,Air Temp 52 °F,2015,72.0,25.0,4.5,,scanned,salmon_2015_scanned_raw.csv,,,,,,,,,,,
111415006.0,2015-11-14,Piper's Creek,100,remnant,chum,,adult,,,,yes,,2015,72.0,,,,scanned,salmon_2015_scanned_raw.csv,,,,,,,,,,,
111415007.0,2015-11-14,Piper's Creek,100,dead,chum,,adult,male,yes,,no,,2015,72.0,26.0,5.0,,scanned,salmon_2015_scanned_raw.csv,,,,,,,,,,,
111415008.0,2015-11-14,Piper's Creek,200,dead,chum,,adult,female,yes,spawned,yes,,2015,60.0,25.0,4.5,,scanned,salmon_2015_scanned_raw.csv,,,,,,,,,,,
111415009.0,2015-11-14,Piper's Creek,300,remnant,chum,,,,,,yes,,2015,48.0,,,,scanned,salmon_2015_scanned_raw.csv,,,,,,,,,,,
111415010.0,2015-11-14,Piper's Creek,400,dead,chum,,adult,male,yes,spawned,no,,2015,48.0,31.0,5.5,,scanned,salmon_2015_scanned_raw.csv,,,,,,,,,,,
111415011.0,2015-11-14,Piper's Creek,500,dead,chum,,adult,female,yes,spawned,no,,2015,72.0,27.0,4.5,,scanned,salmon_2015_scanned_raw.csv,,,,,,,,,,,
111415012.0,2015-11-14,Piper's Creek,500,dead,chum,,adult,female,yes,spawned,yes,,2015,72.0,25.0,4.0,,scanned,salmon_2015_scanned_raw.csv,,,,,,,,,,,
111415013.0,2015-11-14,Piper's Creek,550,dead,chum,,adult,male,yes,,yes,"Minor, full of H2S - black",2015,72.0,29.0,5.0,,scanned,salmon_2015_scanned_raw.csv,,,,,,,,,,,
111415014.0,2015-11-14,Piper's Creek,550,live,chum,,adult,,,,,,2015,,,,,scanned,salmon_2015_scanned_raw.csv,,,,,,,,,,,
111415015.0,2015-11-14,Piper's Creek,550,live,chum,,adult,,,,,,2015,,,,,scanned,salmon_2015_scanned_raw.csv,,,,,,,,,,,
111415016.0,2015-11-14,Piper's Creek,600,live,chum,,adult,female,,,,Beat up!,2015,,,,,scanned,salmon_2015_scanned_raw.csv,,,,,,,,,,,
111415017.0,2015-11-14,Piper's Creek,600,dead,chum,,adult,female,yes,spawned,no,,2015,72.0,26.0,4.5,,scanned,salmon_2015_scanned_raw.csv,,,,,,,,,,,
111415018.0,2015-11-14,Piper's Creek,600,dead,chum,,adult,male,yes,,yes,,2015,72.0,30.5,6.0,,scanned,salmon_2015_scanned_raw.csv,,,,,,,,,,,
111415019.0,2015-11-14,Piper's Creek,650,remnant,chum,,,,,,yes,,2015,,,,,scanned,salmon_2015_scanned_raw.csv,,,,,,,,,,,
111415020.0,2015-11-14,Piper's Creek,650,live,chum,,young,,,,,,2015,,,,,scanned,salmon_2015_scanned_raw.csv,,,,,,,,,,,
111415021.0,2015-11-14,Piper's Creek,650,dead,chum,,adult,male,yes,spawned,no,Eyes only,2015,72.0,28.0,5.0,,scanned,salmon_2015_scanned_raw.csv,,,,,,,,,,,
111415022.0,2015-11-14,Piper's Creek,700,live,chum,,adult,male,,,,heavy,2015,,,,,scanned,salmon_2015_scanned_raw.csv,,,,,,,,,,,
111415023.0,2015-11-14,Piper's Creek,800,live,chum,,adult,female,,,,,2015,,,,,scanned,salmon_2015_scanned_raw.csv,,,,,,,,,,,
111415024.0,2015-11-14,Piper's Creek,850,live,chum,,adult,,,,,,2015,,,,,scanned,salmon_2015_scanned_raw.csv,,,,,,,,,,,
111415025.0,2015-11-14,Piper's Creek,850,remnant,chum,,adult,male,,,partial,Very mushy,2015,72.0,,,,scanned,salmon_2015_scanned_raw.csv,,,,,,,,,,,
111415026.0,2015-11-14,Piper's Creek,1000,live,chum,,adult,,,,,,2015,,,,,scanned,salmon_2015_scanned_raw.csv,,,,,,,,,,,
111415027.0,2015-11-14,Piper's Creek,1000,live,chum,,adult,,,,,,2015,,,,,scanned,salmon_2015_scanned_raw.csv,,,,,,,,,,,
111415028.0,2015-11-14,Piper's Creek,1050,dead,chum,,adult,female,yes,spawned,no,minimal,2015,48.0,22.5,4.0,,scanned,salmon_2015_scanned_raw.csv,,,,,,,,,,,
111415029.0,2015-11-14,Piper's Creek,1050,dead,chum,,adult,male,yes,spawned,no,,2015,72.0,29.0,6.0,,scanned,salmon_2015_scanned_raw.csv,,,,,,,,,,,
111415030.0,2015-11-14,Piper's Creek,1100,live,chum,,adult,,,,,,2015,,,,,scanned,salmon_2015_scanned_raw.csv,,,,,,,,,,,
111415031.0,2015-11-14,Piper's Creek,1100,remnant,chum,,adult,,,,,,2015,,,,,scanned,salmon_2015_scanned_raw.csv,,,,,,,,,,,
111415032.0,2015-11-14,Piper's Creek,1200,live,chum,,adult,,,,,,2015,,,,,scanned,salmon_2015_scanned_raw.csv,,,,,,,,,,,
111415033.0,2015-11-14,Piper's Creek,1200,live,chum,,adult,,,,,,2015,,,,,scanned,salmon_2015_scanned_raw.csv,,,,,,,,,,,
111415034.0,2015-11-14,Piper's Creek,1250,live,chum,,adult,,,,,,2015,,,,,scanned,salmon_2015_scanned_raw.csv,,,,,,,,,,,
111415035.0,2015-11-14,Piper's Creek,1250,live,chum,,adult,female,,,,,2015,,,,,scanned,salmon_2015_scanned_raw.csv,,,,,,,,,,,
111415036.0,2015-11-14,Piper's Creek,1250,live,chum,,adult,male,,,,,2015,,,,,scanned,salmon_2015_scanned_raw.csv,,,,,,,,,,,
111415037.0,2015-11-14,Piper's Creek,1275,live,chum,,adult,female,,,,,2015,,,,,scanned,salmon_2015_scanned_raw.csv,,,,,,,,,,,
111415038.0,2015-11-14,Piper's Creek,1275,live,chum,,adult,male,,,,,2015,,,,,scanned,salmon_2015_scanned_raw.csv,,,,,,,,,,,
111415039.0,2015-11-14,Piper's Creek,1300,live,chum,,adult,male,,,,,2015,,,,,scanned,salmon_2015_scanned_raw.csv,,,,,,,,,,,
111415040.0,2015-11-14,Piper's Creek,1300,live,chum,,adult,female,,,,,2015,,,,,scanned,salmon_2015_scanned_raw.csv,,,,,,,,,,,
111415041.0,2015-11-14,Piper's Creek,1350,live,chum,,adult,,,,,,2015,,,,,scanned,salmon_2015_scanned_raw.csv,,,,,,,,,,,
111415042.0,2015-11-14,Piper's Creek,1350,live,chum,,adult,,,,,,2015,,,,,scanned,salmon_2015_scanned_raw.csv,,,,,,,,,,,
111415043.0,2015-11-14,Piper's Creek,1400,dead,chum,,adult,female,yes,,yes,,2015,,29.0,5.0,,scanned,salmon_2015_scanned_raw.csv,,,,,,,,,,,
111415044.0,2015-11-14,Piper's Creek,1400,live,chum,,adult,male,,,,Fighting,2015,,,,,scanned,salmon_2015_scanned_raw.csv,,,,,,,,,,,
111415045.0,2015-11-14,Piper's Creek,1400,live,chum,,adult,male,,,,Fighting,2015,,,,,scanned,salmon_2015_scanned_raw.csv,,,,,,,,,,,
111415046.0,2015-11-14,Piper's Creek,1400,live,chum,,adult,female,,,,In a redd,2015,,,,,scanned,salmon_2015_scanned_raw.csv,,,,,,,,,,,
111415047.0,2015-11-14,Piper's Creek,1450,live,chum,,adult,,,,,In a redd,2015,,,,,scanned,salmon_2015_scanned_raw.csv,,,,,,,,,,,
111415048.0,2015-11-14,Piper's Creek,1450,live,chum,,adult,,,,,,2015,,,,,scanned,salmon_2015_scanned_raw.csv,,,,,,,,,,,
111415049.0,2015-11-14,Piper's Creek,1550,live,chum,,adult,,,,,,2015,,,,,scanned,salmon_2015_scanned_raw.csv,,,,,,,,,,,
111415050.0,2015-11-14,Piper's Creek,1550,live,chum,,adult,,,,,,2015,,,,,scanned,salmon_2015_scanned_raw.csv,,,,,,,,,,,
111415051.0,2015-11-14,Piper's Creek,1700,live,chum,,adult,,,,,2 males fighting,2015,,,,,scanned,salmon_2015_scanned_raw.csv,,,,,,,,,,,
111415052.0,2015-11-14,Piper's Creek,1700,live,chum,,adult,,,,,,2015,,,,,scanned,salmon_2015_scanned_raw.csv,,,,,,,,,,,
111415053.0,2015-11-14,Piper's Creek,1700,live,chum,,adult,,,,,,2015,,,,,scanned,salmon_2015_scanned_raw.csv,,,,,,,,,,,
111415054.0,2015-11-14,Piper's Creek,1750,dead,chum,,adult,,,,,,2015,,,,,scanned,salmon_2015_scanned_raw.csv,,,,,,,,,,,
111415055.0,2015-11-14,Piper's Creek,1750,live,chum,,adult,female,yes,spawned,yes,Minor predation,2015,72.0,23.0,4.0,,scanned,salmon_2015_scanned_raw.csv,,,,,,,,,,,
111415056.0,2015-11-14,Piper's Creek,1750,live,chum,,adult,,,,,,2015,,,,,scanned,salmon_2015_scanned_raw.csv,,,,,,,,,,,
111415057.0,2015-11-14,Piper's Creek,1750,live,chum,,adult,,,,,,2015,,,,,scanned,salmon_2015_scanned_raw.csv,,,,,,,,,,,
111415058.0,2015-11-14,Piper's Creek,1800,live,chum,,adult,,,,,,2015,,,,,scanned,salmon_2015_scanned_raw.csv,,,,,,,,,,,
111415059.0,2015-11-14,Piper's Creek,1800,remnant,chum,,adult,male,,,,,2015,,,,,scanned,salmon_2015_scanned_raw.csv,,,,,,,,,,,
111415060.0,2015-11-14,Piper's Creek,1900,live,chum,,adult,,,,,,2015,,,,,scanned,salmon_2015_scanned_raw.csv,,,,,,,,,,,
111415061.0,2015-11-14,Piper's Creek,1900,live,chum,,adult,,,,,,2015,,,,,scanned,salmon_2015_scanned_raw.csv,,,,,,,,,,,
111415062.0,2015-11-14,Piper's Creek,1900,live,chum,,adult,,,,,,2015,,,,,scanned,salmon_2015_scanned_raw.csv,,,,,,,,,,,
111415063.0,2015-11-14,Piper's Creek,1900,dead,chum,,adult,male,yes,unspawned,,,2015,48.0,27.0,5.0,,scanned,salmon_2015_scanned_raw.csv,,,,,,,,,,,
111415064.0,2015-11-14,Piper's Creek,1900,live,chum,,adult,,,,,,2015,,,,,scanned,salmon_2015_scanned_raw.csv,,,,,,,,,,,
111415065.0,2015-11-14,Piper's Creek,1950,live,chum,,adult,,,,,,2015,,,,,scanned,salmon_2015_scanned_raw.csv,,,,,,,,,,,
111415066.0,2015-11-14,Piper's Creek,2000,live,chum,,adult,,,,,,2015,,,,,scanned,salmon_2015_scanned_raw.csv,,,,,,,,,,,
111415067.0,2015-11-14,Piper's Creek,2000,live,cutthroat,,adult,,,,,End Pipers Creek,2015,,,,,scanned,salmon_2015_scanned_raw.csv,,,,,,,,,,,
111415067.0,2015-11-14,Venema Creek,,live,chum,,adult,,,,,,2015,,,,,scanned,salmon_2015_scanned_raw.csv,,,,,,,,,,,
111415067.0,2015-11-14,Venema Creek,200,live,chum,,adult,,,,,,2015,,,,,scanned,salmon_2015_scanned_raw.csv,,,,,,,,,,,
112115001.0,2015-11-21,Piper's Creek,200,remnant,,,,,yes,,,Tide is generally high at11:15AM,2015,,,,,scanned,salmon_2015_scanned_raw.csv,,,,,,,,,,,
112115002.0,2015-11-21,Piper's Creek,200,remnant,,,,,,,,Low creek water,2015,,,,,scanned,salmon_2015_scanned_raw.csv,,,,,,,,,,,
112115003.0,2015-11-21,Piper's Creek,285,dead,chum,,adult,male,yes,spawned,no,,2015,48.0,30.0,5.5,,scanned,salmon_2015_scanned_raw.csv,,,,,,,,,,,
112115004.0,2015-11-21,Piper's Creek,290,dead,chum,,adult,female,yes,spawned,no,,2015,48.0,25.5,4.0,,scanned,salmon_2015_scanned_raw.csv,,,,,,,,,,,
112115005.0,2015-11-21,Piper's Creek,300,dead,chum,,adult,female,yes,spawned,no,,2015,48.0,24.0,3.5,,scanned,salmon_2015_scanned_raw.csv,,,,,,,,,,,
112115006.0,2015-11-21,Piper's Creek,300,dead,chum,,adult,male,yes,partially spawned,no,,2015,48.0,25.0,5.0,,scanned,salmon_2015_scanned_raw.csv,,,,,,,,,,,
112115007.0,2015-11-21,Piper's Creek,300,dead,chum,,adult,male,yes,spawned,yes,,2015,48.0,25.0,4.0,,scanned,salmon_2015_scanned_raw.csv,,,,,,,,,,,
112115008.0,2015-11-21,Piper's Creek,390,remnant,chum,,adult,,,,yes,,2015,,,,,scanned,salmon_2015_scanned_raw.csv,,,,,,,,,,,
112115009.0,2015-11-21,Piper's Creek,395,dead,chum,,adult,male,yes,spawned,no,,2015,72.0,29.0,6.5,,scanned,salmon_2015_scanned_raw.csv,,,,,,,,,,,
112115010.0,2015-11-21,Piper's Creek,400,dead,chum,,adult,male,yes,spawned,no,,2015,72.0,27.0,5.5,,scanned,salmon_2015_scanned_raw.csv,,,,,,,,,,,
112115011.0,2015-11-21,Piper's Creek,415,remnant,chum,,adult,female,yes,,yes,,2015,72.0,,,,scanned,salmon_2015_scanned_raw.csv,,,,,,,,,,,
112115012.0,2015-11-21,Piper's Creek,400,remnant,chum,,adult,female,,,yes,,2015,90.0,,,,scanned,salmon_2015_scanned_raw.csv,,,,,,,,,,,
112115013.0,2015-11-21,Piper's Creek,395,remnant,chum,,adult,female,,,yes,,2015,120.0,,,,scanned,salmon_2015_scanned_raw.csv,,,,,,,,,,,
112115014.0,2015-11-21,Piper's Creek,480,live,chum,,,female,,spawned,,,2015,,,,,scanned,salmon_2015_scanned_raw.csv,,,,,,,,,,,
112115015.0,2015-11-21,Piper's Creek,510,dead,chum,,adult,female,yes,,no,,2015,96.0,25.0,5.0,,scanned,salmon_2015_scanned_raw.csv,,,,,,,,,,,
112115016.0,2015-11-21,Piper's Creek,510,live,chum,,adult,female,,,,,2015,,,,,scanned,salmon_2015_scanned_raw.csv,,,,,,,,,,,
112115017.0,2015-11-21,Piper's Creek,510,live,chum,,adult,female,,,,,2015,,,,,scanned,salmon_2015_scanned_raw.csv,,,,,,,,,,,
112115018.0,2015-11-21,Piper's Creek,510,live,chum,,adult,female,,,,,2015,,,,,scanned,salmon_2015_scanned_raw.csv,,,,,,,,,,,
112115019.0,2015-11-21,Piper's Creek,525,dead,chum,,adult,female,yes,spawned,yes,,2015,48.0,26.0,5.0,,scanned,salmon_2015_scanned_raw.csv,,,,,,,,,,,
112115020.0,2015-11-21,Piper's Creek,535,dead,chum,,adult,male,yes,spawned,no,,2015,48.0,29.0,6.0,,scanned,salmon_2015_scanned_raw.csv,,,,,,,,,,,
112115021.0,2015-11-21,Piper's Creek,650,live,chum,,adult,female,,,,,2015,,,,,scanned,salmon_2015_scanned_raw.csv,,,,,,,,,,,
112115022.0,2015-11-21,Piper's Creek,650,live,chum,,adult,,,,,,2015,,,,,scanned,salmon_2015_scanned_raw.csv,,,,,,,,,,,
112115023.0,2015-11-21,Piper's Creek,650,live,chum,,adult,,,,,,2015,,,,,scanned,salmon_2015_scanned_raw.csv,,,,,,,,,,,
112115024.0,2015-11-21,Piper's Creek,675,live,chum,,adult,female,,,,,2015,,,,,scanned,salmon_2015_scanned_raw.csv,,,,,,,,,,,
112115025.0,2015-11-21,Piper's Creek,675,live,chum,,adult,female,,,,,2015,,,,,scanned,salmon_2015_scanned_raw.csv,,,,,,,,,,,
112115026.0,2015-11-21,Piper's Creek,675,live,chum,,adult,,,,,,2015,,,,,scanned,salmon_2015_scanned_raw.csv,,,,,,,,,,,
112115027.0,2015-11-21,Piper's Creek,680,dead,chum,,adult,female,yes,spawned,no,,2015,72.0,26.0,4.5,,scanned,salmon_2015_scanned_raw.csv,,,,,,,,,,,
112115028.0,2015-11-21,Piper's Creek,700,live,chum,,adult,male,,,,,2015,,,,,scanned,salmon_2015_scanned_raw.csv,,,,,,,,,,,
112115029.0,2015-11-21,Piper's Creek,700,live,chum,,adult,female,,,,,2015,,,,,scanned,salmon_2015_scanned_raw.csv,,,,,,,,,,,
112115030.0,2015-11-21,Piper's Creek,700,dead,chum,,adult,female,yes,spawned,yes,,2015,72.0,24.0,4.0,,scanned,salmon_2015_scanned_raw.csv,,,,,,,,,,,
112115031.0,2015-11-21,Piper's Creek,700,dead,chum,,adult,female,yes,spawned,yes,,2015,72.0,22.0,4.0,,scanned,salmon_2015_scanned_raw.csv,,,,,,,,,,,
112115032.0,2015-11-21,Piper's Creek,700,dead,chum,,adult,male,yes,spawned,yes,,2015,96.0,29.0,5.5,,scanned,salmon_2015_scanned_raw.csv,,,,,,,,,,,
112115033.0,2015-11-21,Piper's Creek,720,live,chum,,adult,,,,,,2015,,,,,scanned,salmon_2015_scanned_raw.csv,,,,,,,,,,,
112115034.0,2015-11-21,Piper's Creek,720,live,chum,,adult,,,,,,2015,,,,,scanned,salmon_2015_scanned_raw.csv,,,,,,,,,,,
112115035.0,2015-11-21,Piper's Creek,800,dead,chum,,adult,male,yes,spawned,yes,,2015,96.0,26.0,5.0,,scanned,salmon_2015_scanned_raw.csv,,,,,,,,,,,
112115036.0,2015-11-21,Piper's Creek,800,dead,chum,,adult,female,yes,,yes,,2015,120.0,25.0,4.5,,scanned,salmon_2015_scanned_raw.csv,,,,,,,,,,,
112115037.0,2015-11-21,Piper's Creek,800,dead,chum,,adult,female,yes,spawned,no,,2015,72.0,26.0,4.0,,scanned,salmon_2015_scanned_raw.csv,,,,,,,,,,,
112115038.0,2015-11-21,Piper's Creek,800,dead,chum,,adult,female,yes,spawned,no,,2015,96.0,23.0,4.0,,scanned,salmon_2015_scanned_raw.csv,,,,,,,,,,,
112115039.0,2015-11-21,Piper's Creek,875,dead,chum,,adult,female,yes,spawned,no,,2015,72.0,25.0,5.0,,scanned,salmon_2015_scanned_raw.csv,,,,,,,,,,,
112115040.0,2015-11-21,Piper's Creek,875,dead,chum,,adult,female,yes,spawned,no,,2015,96.0,24.0,4.5,,scanned,salmon_2015_scanned_raw.csv,,,,,,,,,,,
112115041.0,2015-11-21,Piper's Creek,875,live,chum,,adult,female,,,,,2015,,,,,scanned,salmon_2015_scanned_raw.csv,,,,,,,,,,,
112115042.0,2015-11-21,Piper's Creek,885,dead,chum,,adult,female,yes,spawned,yes,,2015,96.0,24.5,4.5,,scanned,salmon_2015_scanned_raw.csv,,,,,,,,,,,
112115043.0,2015-11-21,Piper's Creek,885,dead,chum,,adult,female,yes,spawned,yes,,2015,72.0,28.0,5.5,,scanned,salmon_2015_scanned_raw.csv,,,,,,,,,,,
112115044.0,2015-11-21,Piper's Creek,890,dead,chum,,adult,female,yes,spawned,no,,2015,96.0,25.0,4.5,,scanned,salmon_2015_scanned_raw.csv,,,,,,,,,,,
112115045.0,2015-11-21,Piper's Creek,890,dead,coho,,adult,male,yes,unspawned,no,,2015,48.0,27.0,5.0,,scanned,salmon_2015_scanned_raw.csv,,,,,,,,,,,
112115046.0,2015-11-21,Piper's Creek,900,dead,chum,,adult,male,yes,unspawned,no,,2015,72.0,30.0,5.5,,scanned,salmon_2015_scanned_raw.csv,,,,,,,,,,,
112115047.0,2015-11-21,Piper's Creek,900,dead,chum,,adult,female,yes,spawned,no,,2015,96.0,26.0,4.5,,scanned,salmon_2015_scanned_raw.csv,,,,,,,,,,,
112115048.0,2015-11-21,Piper's Creek,905,dead,chum,,adult,male,yes,spawned,no,,2015,48.0,26.0,5.0,,scanned,salmon_2015_scanned_raw.csv,,,,,,,,,,,
112115049.0,2015-11-21,Piper's Creek,905,dead,chum,,adult,male,yes,partially spawned,no,,2015,48.0,30.0,6.0,,scanned,salmon_2015_scanned_raw.csv,,,,,,,,,,,
112115050.0,2015-11-21,Piper's Creek,945,live,chum,,adult,female,,,,,2015,,,,,scanned,salmon_2015_scanned_raw.csv,,,,,,,,,,,
112115051.0,2015-11-21,Piper's Creek,945,live,chum,,adult,male,,,,,2015,,,,,scanned,salmon_2015_scanned_raw.csv,,,,,,,,,,,
112115052.0,2015-11-21,Piper's Creek,1040,dead,chum,,adult,male,yes,unspawned,yes,,2015,96.0,29.0,6.5,,scanned,salmon_2015_scanned_raw.csv,,,,,,,,,,,
112115053.0,2015-11-21,Piper's Creek,1050,live,chum,,adult,female,yes,,,,2015,,,,,scanned,salmon_2015_scanned_raw.csv,,,,,,,,,,,
112115054.0,2015-11-21,Piper's Creek,1050,live,chum,,adult,female,yes,,,,2015,,,,,scanned,salmon_2015_scanned_raw.csv,,,,,,,,,,,
112115056.0,2015-11-21,Piper's Creek,1120,live,chum,,adult,male,,,,,2015,,,,,scanned,salmon_2015_scanned_raw.csv,,,,,,,,,,,
112115057.0,2015-11-21,Piper's Creek,1120,live,chum,,adult,female,,,,,2015,,,,,scanned,salmon_2015_scanned_raw.csv,,,,,,,,,,,
112115058.0,2015-11-21,Piper's Creek,1120,live,chum,,adult,,,,,,2015,,,,,scanned,salmon_2015_scanned_raw.csv,,,,,,,,,,,
112115059.0,2015-11-21,Piper's Creek,1120,live,chum,,adult,,,,,,2015,,,,,scanned,salmon_2015_scanned_raw.csv,,,,,,,,,,,
112115060.0,2015-11-21,Piper's Creek,1130,dead,chum,,adult,female,yes,spawned,yes,,2015,48.0,26.0,5.0,,scanned,salmon_2015_scanned_raw.csv,,,,,,,,,,,
112115061.0,2015-11-21,Piper's Creek,1175,dead,chum,,adult,female,yes,spawned,no,,2015,72.0,26.0,5.0,,scanned,salmon_2015_scanned_raw.csv,,,,,,,,,,,
112115062.0,2015-11-21,Piper's Creek,1175,live,chum,,adult,male,,,,,2015,,,,,scanned,salmon_2015_scanned_raw.csv,,,,,,,,,,,
112115063.0,2015-11-21,Piper's Creek,1175,live,chum,,adult,,,,,,2015,,,,,scanned,salmon_2015_scanned_raw.csv,,,,,,,,,,,
112115064.0,2015-11-21,Piper's Creek,1180,dead,chum,,adult,male,yes,spawned,no,,2015,72.0,31.0,6.5,,scanned,salmon_2015_scanned_raw.csv,,,,,,,,,,,
112115065.0,2015-11-21,Piper's Creek,1180,dead,chum,,adult,male,yes,partially spawned,no,,2015,96.0,27.0,5.5,,scanned,salmon_2015_scanned_raw.csv,,,,,,,,,,,
112115066.0,2015-11-21,Piper's Creek,1190,dead,chum,,adult,female,yes,spawned,no,,2015,24.0,25.0,4.0,,scanned,salmon_2015_scanned_raw.csv,,,,,,,,,,,
112115067.0,2015-11-21,Piper's Creek,1200,dead,chum,,adult,male,yes,spawned,yes,,2015,72.0,25.0,4.5,,scanned,salmon_2015_scanned_raw.csv,,,,,,,,,,,
112115068.0,2015-11-21,Piper's Creek,1210,dead,chum,,adult,male,yes,spawned,no,,2015,24.0,29.0,5.5,,scanned,salmon_2015_scanned_raw.csv,,,,,,,,,,,
112115069.0,2015-11-21,Piper's Creek,1230,live,chum,,adult,female,,,,,2015,,,,,scanned,salmon_2015_scanned_raw.csv,,,,,,,,,,,
112115070.0,2015-11-21,Piper's Creek,1240,live,chum,,adult,male,,,,,2015,,,,,scanned,salmon_2015_scanned_raw.csv,,,,,,,,,,,
112115071.0,2015-11-21,Piper's Creek,1260,live,chum,,adult,male,,,,,2015,,,,,scanned,salmon_2015_scanned_raw.csv,,,,,,,,,,,
112115072.0,2015-11-21,Piper's Creek,1260,live,chum,,adult,female,,,,,2015,,,,,scanned,salmon_2015_scanned_raw.csv,,,,,,,,,,,
112115073.0,2015-11-21,Piper's Creek,1260,live,chum,,adult,female,,,,,2015,,,,,scanned,salmon_2015_scanned_raw.csv,,,,,,,,,,,
112115074.0,2015-11-21,Piper's Creek,1260,live,chum,,adult,,,,,,2015,,,,,scanned,salmon_2015_scanned_raw.csv,,,,,,,,,,,
112115075.0,2015-11-21,Piper's Creek,1260,live,chum,,adult,,,,,,2015,,,,,scanned,salmon_2015_scanned_raw.csv,,,,,,,,,,,
112115076.0,2015-11-21,Piper's Creek,1275,live,chum,,adult,male,,,,,2015,,,,,scanned,salmon_2015_scanned_raw.csv,,,,,,,,,,,
112115077.0,2015-11-21,Piper's Creek,1275,dead,chum,,adult,male,yes,,yes,,2015,96.0,29.0,5.5,,scanned,salmon_2015_scanned_raw.csv,,,,,,,,,,,
112115078.0,2015-11-21,Piper's Creek,1280,live,chum,,adult,female,,,,,2015,,,,,scanned,salmon_2015_scanned_raw.csv,,,,,,,,,,,
112115079.0,2015-11-21,Piper's Creek,1290,live,chum,,adult,female,,,,,2015,,,,,scanned,salmon_2015_scanned_raw.csv,,,,,,,,,,,
112115080.0,2015-11-21,Piper's Creek,1290,live,chum,,adult,,,,,,2015,,,,,scanned,salmon_2015_scanned_raw.csv,,,,,,,,,,,
112115081.0,2015-11-21,Piper's Creek,1290,live,chum,,adult,,,,,,2015,,,,,scanned,salmon_2015_scanned_raw.csv,,,,,,,,,,,
112115082.0,2015-11-21,Piper's Creek,1290,live,chum,,adult,female,,,,,2015,,,,,scanned,salmon_2015_scanned_raw.csv,,,,,,,,,,,
112115083.0,2015-11-21,Piper's Creek,1330,live,chum,,adult,female,,,,,2015,,,,,scanned,salmon_2015_scanned_raw.csv,,,,,,,,,,,
112115084.0,2015-11-21,Piper's Creek,1350,live,chum,,adult,female,,,,,2015,,,,,scanned,salmon_2015_scanned_raw.csv,,,,,,,,,,,
112115085.0,2015-11-21,Piper's Creek,1370,live,chum,,adult,female,,,,,2015,,,,,scanned,salmon_2015_scanned_raw.csv,,,,,,,,,,,
112115086.0,2015-11-21,Piper's Creek,1385,dead,chum,,adult,male,yes,spawned,no,,2015,48.0,30.0,6.0,,scanned,salmon_2015_scanned_raw.csv,,,,,,,,,,,
112115087.0,2015-11-21,Piper's Creek,1410,dead,chum,,adult,male,yes,unspawned,no,,2015,36.0,27.0,5.5,,scanned,salmon_2015_scanned_raw.csv,,,,,,,,,,,
112115088.0,2015-11-21,Piper's Creek,1420,live,chum,,adult,,,,,,2015,,,,,scanned,salmon_2015_scanned_raw.csv,,,,,,,,,,,
112115089.0,2015-11-21,Piper's Creek,1420,live,chum,,adult,,,,,,2015,,,,,scanned,salmon_2015_scanned_raw.csv,,,,,,,,,,,
112115090.0,2015-11-21,Piper's Creek,1420,live,chum,,adult,,,,,,2015,,,,,scanned,salmon_2015_scanned_raw.csv,,,,,,,,,,,
112115091.0,2015-11-21,Piper's Creek,1425,live,chum,,adult,male,,,,,2015,,,,,scanned,salmon_2015_scanned_raw.csv,,,,,,,,,,,
112115092.0,2015-11-21,Piper's Creek,1470,remnant,chum,,adult,female,,spawned,yes,,2015,,,,,scanned,salmon_2015_scanned_raw.csv,,,,,,,,,,,
112115093.0,2015-11-21,Piper's Creek,1485,live,chum,,adult,male,,,,,2015,,,,,scanned,salmon_2015_scanned_raw.csv,,,,,,,,,,,
112115094.0,2015-11-21,Piper's Creek,1490,dead,chum,,adult,male,yes,spawned,no,,2015,48.0,30.0,6.0,,scanned,salmon_2015_scanned_raw.csv,,,,,,,,,,,
112115095.0,2015-11-21,Piper's Creek,1490,dead,chum,,adult,male,yes,partially spawned,yes,,2015,24.0,27.0,5.0,,scanned,salmon_2015_scanned_raw.csv,,,,,,,,,,,
112115096.0,2015-11-21,Piper's Creek,1500,live,chum,,adult,,,,,,2015,,,,,scanned,salmon_2015_scanned_raw.csv,,,,,,,,,,,
112115097.0,2015-11-21,Piper's Creek,1515,live,chum,,adult,female,,,,,2015,,,,,scanned,salmon_2015_scanned_raw.csv,,,,,,,,,,,
112115098.0,2015-11-21,Piper's Creek,1515,live,chum,,adult,,,,,,2015,,,,riffle,scanned,salmon_2015_scanned_raw.csv,,,,,,,,,,,
112115099.0,2015-11-21,Piper's Creek,1520,live,chum,,adult,male,,,,,2015,,,,,scanned,salmon_2015_scanned_raw.csv,,,,,,,,,,,
112115100.0,2015-11-21,Piper's Creek,1530,redd,chum,,adult,male,,,,100 & 101 appear to be spawning over redd,2015,,,,,scanned,salmon_2015_scanned_raw.csv,,,,,,,,,,,
112115101.0,2015-11-21,Piper's Creek,1530,redd,chum,,adult,female,,,,100 & 101 appear to be spawning over redd,2015,,,,,scanned,salmon_2015_scanned_raw.csv,,,,,,,,,,,
112115102.0,2015-11-21,Piper's Creek,1530,live,chum,,adult,,,,,,2015,48.0,,,riffle,scanned,salmon_2015_scanned_raw.csv,,,,,,,,,,,
112115103.0,2015-11-21,Piper's Creek,1530,dead,chum,,adult,male,yes,spawned,yes,,2015,48.0,25.0,5.0,,scanned,salmon_2015_scanned_raw.csv,,,,,,,,,,,
112115104.0,2015-11-21,Piper's Creek,1570,dead,chum,,adult,male,yes,,yes,,2015,12.0,29.0,6.0,,scanned,salmon_2015_scanned_raw.csv,,,,,,,,,,,
112115105.0,2015-11-21,Piper's Creek,1575,dead,chum,,adult,male,yes,partially spawned,no,,2015,36.0,24.0,4.0,,scanned,salmon_2015_scanned_raw.csv,,,,,,,,,,,
112115106.0,2015-11-21,Piper's Creek,1625,dead,chum,,adult,male,yes,,yes,,2015,,25.0,4.5,,scanned,salmon_2015_scanned_raw.csv,,,,,,,,,,,
112115107.0,2015-11-21,Piper's Creek,1640,live,chum,,adult,male,yes,,,,2015,,,,,scanned,salmon_2015_scanned_raw.csv,,,,,,,,,,,
112115108.0,2015-11-21,Piper's Creek,1645,live,chum,,adult,male,yes,,,,2015,,,,,scanned,salmon_2015_scanned_raw.csv,,,,,,,,,,,
112115109.0,2015-11-21,Piper's Creek,1645,live,chum,,adult,female,yes,,,,2015,,,,,scanned,salmon_2015_scanned_raw.csv,,,,,,,,,,,
112115110.0,2015-11-21,Piper's Creek,1645,live,chum,,adult,,yes,,,,2015,,,,,scanned,salmon_2015_scanned_raw.csv,,,,,,,,,,,
112115111.0,2015-11-21,Piper's Creek,1645,live,chum,,adult,female,yes,,,,2015,,,,,scanned,salmon_2015_scanned_raw.csv,,,,,,,,,,,
112115112.0,2015-11-21,Piper's Creek,1645,live,chum,,adult,female,yes,,,,2015,,,,,scanned,salmon_2015_scanned_raw.csv,,,,,,,,,,,
112115113.0,2015-11-21,Piper's Creek,1645,live,chum,,adult,male,yes,,,,2015,,,,,scanned,salmon_2015_scanned_raw.csv,,,,,,,,,,,
112115114.0,2015-11-21,Piper's Creek,1650,dead,chum,,adult,male,yes,partially spawned,no,,2015,72.0,28.0,5.5,,scanned,salmon_2015_scanned_raw.csv,,,,,,,,,,,
112115115.0,2015-11-21,Piper's Creek,1695,dead,chum,,adult,male,yes,spawned,no,,2015,36.0,23.0,4.5,,scanned,salmon_2015_scanned_raw.csv,,,,,,,,,,,
112115116.0,2015-11-21,Piper's Creek,1705,live,chum,,adult,male,yes,,,,2015,,,,,scanned,salmon_2015_scanned_raw.csv,,,,,,,,,,,
112115117.0,2015-11-21,Piper's Creek,1740,live,chum,,adult,female,yes,,,,2015,,,,,scanned,salmon_2015_scanned_raw.csv,,,,,,,,,,,
112115118.0,2015-11-21,Piper's Creek,1740,live,chum,,adult,female,yes,,,,2015,,,,,scanned,salmon_2015_scanned_raw.csv,,,,,,,,,,,
112115119.0,2015-11-21,Piper's Creek,1740,live,chum,,adult,female,yes,,,,2015,,,,,scanned,salmon_2015_scanned_raw.csv,,,,,,,,,,,
112115120.0,2015-11-21,Piper's Creek,1740,live,chum,,adult,,yes,,,,2015,,,,,scanned,salmon_2015_scanned_raw.csv,,,,,,,,,,,
112115121.0,2015-11-21,Piper's Creek,1740,dead,chum,,adult,male,yes,partially spawned,no,,2015,48.0,27.0,4.0,,scanned,salmon_2015_scanned_raw.csv,,,,,,,,,,,
112115122.0,2015-11-21,Piper's Creek,1740,remnant,chum,,adult,,yes,,,,2015,,,,,scanned,salmon_2015_scanned_raw.csv,,,,,,,,,,,
112115123.0,2015-11-21,Piper's Creek,1750,redd,,,,,,,,Active Redd,2015,,,,riffle,scanned,salmon_2015_scanned_raw.csv,,,,,,,,,,,
112115124.0,2015-11-21,Piper's Creek,1750,live,chum,,adult,male,yes,,,,2015,,,,,scanned,salmon_2015_scanned_raw.csv,,,,,,,,,,,
112115125.0,2015-11-21,Piper's Creek,1750,live,chum,,adult,female,yes,,,,2015,,,,,scanned,salmon_2015_scanned_raw.csv,,,,,,,,,,,
112115126.0,2015-11-21,Piper's Creek,1750,live,chum,,adult,female,yes,,,,2015,,,,,scanned,salmon_2015_scanned_raw.csv,,,,,,,,,,,
112115127.0,2015-11-21,Piper's Creek,1750,live,cutthroat,,adult,,,,,,2015,,,,,scanned,salmon_2015_scanned_raw.csv,,,,,,,,,,,
112115128.0,2015-11-21,Piper's Creek,1750,dead,chum,,adult,female,yes,spawned,no,,2015,48.0,23.5,4.0,,scanned,salmon_2015_scanned_raw.csv,,,,,,,,,,,
112115129.0,2015-11-21,Piper's Creek,1765,live,chum,,adult,male,yes,,,,2015,,,,,scanned,salmon_2015_scanned_raw.csv,,,,,,,,,,,
112115130.0,2015-11-21,Piper's Creek,1765,live,chum,,adult,female,yes,,,,2015,,,,,scanned,salmon_2015_scanned_raw.csv,,,,,,,,,,,
112115131.0,2015-11-21,Piper's Creek,1765,live,chum,,adult,female,yes,,,,2015,,,,,scanned,salmon_2015_scanned_raw.csv,,,,,,,,,,,
112115132.0,2015-11-21,Piper's Creek,1765,live,chum,,adult,male,yes,,,,2015,,,,,scanned,salmon_2015_scanned_raw.csv,,,,,,,,,,,
112115133.0,2015-11-21,Piper's Creek,1770,live,chum,,adult,female,yes,,,,2015,,,,,scanned,salmon_2015_scanned_raw.csv,,,,,,,,,,,
112115134.0,2015-11-21,Piper's Creek,1785,live,chum,,adult,female,yes,,,,2015,,,,,scanned,salmon_2015_scanned_raw.csv,,,,,,,,,,,
112115135.0,2015-11-21,Piper's Creek,1785,live,chum,,adult,male,yes,,,,2015,,,,,scanned,salmon_2015_scanned_raw.csv,,,,,,,,,,,
112115136.0,2015-11-21,Piper's Creek,1785,dead,chum,,adult,male,yes,spawned,no,,2015,72.0,31.0,6.5,,scanned,salmon_2015_scanned_raw.csv,,,,,,,,,,,
112115137.0,2015-11-21,Piper's Creek,1810,live,chum,,adult,,yes,,,,2015,,,,,scanned,salmon_2015_scanned_raw.csv,,,,,,,,,,,
112115138.0,2015-11-21,Piper's Creek,1810,live,chum,,adult,,yes,,,,2015,,,,,scanned,salmon_2015_scanned_raw.csv,,,,,,,,,,,
112115139.0,2015-11-21,Piper's Creek,1810,live,chum,,adult,,yes,,,,2015,,,,,scanned,salmon_2015_scanned_raw.csv,,,,,,,,,,,
112115140.0,2015-11-21,Piper's Creek,1850,dead,chum,,adult,male,yes,partially spawned,yes,,2015,72.0,27.0,6.0,,scanned,salmon_2015_scanned_raw.csv,,,,,,,,,,,
112115141.0,2015-11-21,Piper's Creek,1860,remnant,coho,,,,,,yes,,2015,,,,,scanned,salmon_2015_scanned_raw.csv,,,,,,,,,,,
112115142.0,2015-11-21,Piper's Creek,1870,live,chum,,adult,female,yes,,,,2015,,,,,scanned,salmon_2015_scanned_raw.csv,,,,,,,,,,,
112115143.0,2015-11-21,Piper's Creek,1870,live,chum,,adult,female,yes,,,,2015,,,,,scanned,salmon_2015_scanned_raw.csv,,,,,,,,,,,
112115144.0,2015-11-21,Piper's Creek,1870,live,chum,,adult,,yes,,,,2015,,,,,scanned,salmon_2015_scanned_raw.csv,,,,,,,,,,,
112115145.0,2015-11-21,Piper's Creek,1875,dead,chum,,adult,female,yes,spawned,yes,,2015,96.0,27.0,5.0,,scanned,salmon_2015_scanned_raw.csv,,,,,,,,,,,
112115146.0,2015-11-21,Piper's Creek,1875,live,cutthroat,,,,,,,,2015,,,,,scanned,salmon_2015_scanned_raw.csv,,,,,,,,,,,
112115147.0,2015-11-21,Piper's Creek,1910,live,cutthroat,,,male,,,,,2015,,,,,scanned,salmon_2015_scanned_raw.csv,,,,,,,,,,,
112115148.0,2015-11-21,Piper's Creek,1910,live,chum,,adult,male,yes,,,,2015,,,,,scanned,salmon_2015_scanned_raw.csv,,,,,,,,,,,
112115149.0,2015-11-21,Piper's Creek,1925,live,chum,,adult,female,yes,,,,2015,,,,,scanned,salmon_2015_scanned_raw.csv,,,,,,,,,,,
112115150.0,2015-11-21,Piper's Creek,1925,dead,chum,,adult,male,yes,,yes,,2015,12.0,29.0,6.0,,scanned,salmon_2015_scanned_raw.csv,,,,,,,,,,,
112115151.0,2015-11-21,Piper's Creek,1950,live,chum,,adult,male,yes,,,,2015,,,,,scanned,salmon_2015_scanned_raw.csv,,,,,,,,,,,
112115152.0,2015-11-21,Piper's Creek,1950,live,chum,,adult,female,yes,,,,2015,,,,,scanned,salmon_2015_scanned_raw.csv,,,,,,,,,,,
112115153.0,2015-11-21,Piper's Creek,1950,live,chum,,adult,,yes,,,,2015,,,,,scanned,salmon_2015_scanned_raw.csv,,,,,,,,,,,
112115154.0,2015-11-21,Piper's Creek,1950,live,chum,,adult,,yes,,,,2015,,,,,scanned,salmon_2015_scanned_raw.csv,,,,,,,,,,,
112115155.0,2015-11-21,Piper's Creek,1950,live,chum,,adult,,yes,,,,2015,,,,,scanned,salmon_2015_scanned_raw.csv,,,,,,,,,,,
112115156.0,2015-11-21,Piper's Creek,1950,live,cutthroat,,,,,,,,2015,,,,,scanned,salmon_2015_scanned_raw.csv,,,,,,,,,,,
112115157.0,2015-11-21,Piper's Creek,1950,live,cutthroat,,,,,,,,2015,,,,,scanned,salmon_2015_scanned_raw.csv,,,,,,,,,,,
112115158.0,2015-11-21,Piper's Creek,1950,live,chum,,adult,female,yes,,,,2015,,,,,scanned,salmon_2015_scanned_raw.csv,,,,,,,,,,,
112115159.0,2015-11-21,Piper's Creek,1950,live,chum,,adult,female,yes,,,,2015,,,,,scanned,salmon_2015_scanned_raw.csv,,,,,,,,,,,
112115160.0,2015-11-21,Piper's Creek,1950,live,chum,,adult,female,yes,,,,2015,,,,,scanned,salmon_2015_scanned_raw.csv,,,,,,,,,,,
112115161.0,2015-11-21,Piper's Creek,2030,dead,chum,,adult,female,yes,partially spawned,no,,2015,12.0,27.0,4.5,,scanned,salmon_2015_scanned_raw.csv,,,,,,,,,,,
112115162.0,2015-11-21,Piper's Creek,2040,live,chum,,adult,male,yes,,,,2015,,,,,scanned,salmon_2015_scanned_raw.csv,,,,,,,,,,,
112115163.0,2015-11-21,Piper's Creek,2050,live,cutthroat,,,,,,,,2015,,,,,scanned,salmon_2015_scanned_raw.csv,,,,,,,,,,,
112115164.0,2015-11-21,Piper's Creek,2050,live,cutthroat,,,,,,,,2015,,,,,scanned,salmon_2015_scanned_raw.csv,,,,,,,,,,,
112115165.0,2015-11-21,Venema Creek,50,dead,chum,,adult,male,yes,spawned,yes,,2015,24.0,25.0,5.5,,scanned,salmon_2015_scanned_raw.csv,,,,,,,,,,,
112115166.0,2015-11-21,Venema Creek,150,dead,chum,,adult,male,yes,,yes,,2015,36.0,,,,scanned,salmon_2015_scanned_raw.csv,,,,,,,,,,,
112115167.0,2015-11-21,Venema Creek,200,dead,chum,,adult,male,yes,partially spawned,no,,2015,96.0,28.0,5.0,,scanned,salmon_2015_scanned_raw.csv,,,,,,,,,,,
112115168.0,2015-11-21,Venema Creek,215,dead,chum,,adult,male,yes,partially spawned,no,,2015,12.0,25.5,5.5,,scanned,salmon_2015_scanned_raw.csv,,,,,,,,,,,
112115169.0,2015-11-21,Venema Creek,220,dead,chum,,adult,male,yes,unspawned,no,,2015,36.0,26.5,5.0,,scanned,salmon_2015_scanned_raw.csv,,,,,,,,,,,
112815001.0,2015-11-21,Piper's Creek,0,dead,chum,,adult,male,yes,spawned,scavenged,"Eyes only scavenged original distance: Beach
0",2015,48.0,27.0,4.5,,scanned,salmon_2015_scanned_raw.csv,,,,,,,,,,,
112815002.0,2015-11-21,Piper's Creek,0,live,coho,,adult,male,no,,no,"Hatchery; unlikely spawned original distance: Beach
0",2015,,,,,scanned,salmon_2015_scanned_raw.csv,,,,,,,,,,,
112815003.0,2015-11-21,Piper's Creek,0,dead,chum,,adult,male,yes,partially spawned,yes," original distance: Beach
0",2015,48.0,25.0,4.5,,scanned,salmon_2015_scanned_raw.csv,,,,,,,,,,,
112815004.0,2015-11-21,Piper's Creek,190,remnant,chum,,,,,,scavenged,Eyes only scavenged,2015,,,,,scanned,salmon_2015_scanned_raw.csv,,,,,,,,,,,
112815005.0,2015-11-21,Piper's Creek,210,dead,chum,,adult,female,yes,spawned,no,,2015,24.0,25.5,4.0,,scanned,salmon_2015_scanned_raw.csv,,,,,,,,,,,
112815006.0,2015-11-21,Piper's Creek,310,dead,chum,,adult,female,yes,unspawned,no,"F seemed to have full, but undeveloped eggs",2015,12.0,26.0,5.0,,scanned,salmon_2015_scanned_raw.csv,,,,,,,,,,,
112815007.0,2015-11-21,Piper's Creek,380,dead,chum,,adult,male,yes,partially spawned,scavenged,Eyes only scavenged,2015,72.0,29.0,5.5,,scanned,salmon_2015_scanned_raw.csv,,,,,,,,,,,
112815008.0,2015-11-21,Piper's Creek,490,remnant,chum,,adult,female,yes,,,,2015,96.0,,,,scanned,salmon_2015_scanned_raw.csv,,,,,,,,,,,
112815009.0,2015-11-21,Piper's Creek,525,dead,chum,,adult,male,yes,spawned,scavenged,Eyes only scavenged,2015,24.0,27.5,5.5,,scanned,salmon_2015_scanned_raw.csv,,,,,,,,,,,
112815010.0,2015-11-21,Piper's Creek,525,dead,chum,,adult,female,yes,unspawned,scavenged,Eyes only scavenged,2015,48.0,24.0,5.0,,scanned,salmon_2015_scanned_raw.csv,,,,,,,,,,,
112815011.0,2015-11-21,Piper's Creek,530,live,chum,,adult,,,,,,2015,,,,,scanned,salmon_2015_scanned_raw.csv,,,,,,,,,,,
112815012.0,2015-11-21,Piper's Creek,530,live,cutthroat,,,,,,,,2015,,,,,scanned,salmon_2015_scanned_raw.csv,,,,,,,,,,,
112815013.0,2015-11-21,Piper's Creek,535,dead,chum,,adult,female,yes,spawned,scavenged,Eyes only scavenged,2015,48.0,28.0,5.0,,scanned,salmon_2015_scanned_raw.csv,,,,,,,,,,,
112815014.0,2015-11-21,Piper's Creek,565,dead,chum,,adult,female,yes,spawned,yes,* non-spawning chum; ocean coloration,2015,8.0,30.0,5.5,,scanned,salmon_2015_scanned_raw.csv,,,,,,,,,,,
112815015.0,2015-11-21,Piper's Creek,565,dead,chum,,adult,female,yes,spawned,yes,,2015,60.0,,,,scanned,salmon_2015_scanned_raw.csv,,,,,,,,,,,
112815016.0,2015-11-21,Piper's Creek,575,dead,chum,,adult,male,yes,partially spawned,scavenged,Eyes only scavenged,2015,60.0,27.0,5.0,,scanned,salmon_2015_scanned_raw.csv,,,,,,,,,,,
112815017.0,2015-11-21,Piper's Creek,630,live,chum,,adult,female,yes,,,,2015,,,,,scanned,salmon_2015_scanned_raw.csv,,,,,,,,,,,
112815018.0,2015-11-21,Piper's Creek,630,live,chum,,adult,female,yes,,,,2015,,,,,scanned,salmon_2015_scanned_raw.csv,,,,,,,,,,,
112815019.0,2015-11-21,Piper's Creek,630,live,chum,,adult,female,yes,,,,2015,,,,,scanned,salmon_2015_scanned_raw.csv,,,,,,,,,,,
112815020.0,2015-11-21,Piper's Creek,630,live,chum,,adult,,yes,,,,2015,,,,,scanned,salmon_2015_scanned_raw.csv,,,,,,,,,,,
112815021.0,2015-11-21,Piper's Creek,660,remnant,chum,,adult,male,,spawned,yes,,2015,48.0,,,,scanned,salmon_2015_scanned_raw.csv,,,,,,,,,,,
112815022.0,2015-11-21,Piper's Creek,670,dead,chum,,adult,male,yes,partially spawned,scavenged,Eyes only scavenged,2015,48.0,30.0,6.0,,scanned,salmon_2015_scanned_raw.csv,,,,,,,,,,,
112815023.0,2015-11-21,Piper's Creek,670,dead,chum,,adult,female,yes,spawned,scavenged,Eyes only scavenged,2015,12.0,28.0,5.5,,scanned,salmon_2015_scanned_raw.csv,,,,,,,,,,,
112815024.0,2015-11-21,Piper's Creek,710,dead,chum,,adult,female,yes,spawned,yes,Heavily,2015,36.0,25.0,4.5,,scanned,salmon_2015_scanned_raw.csv,,,,,,,,,,,
112815025.0,2015-11-21,Piper's Creek,720,dead,chum,,adult,male,yes,spawned,yes,,2015,48.0,27.0,5.0,,scanned,salmon_2015_scanned_raw.csv,,,,,,,,,,,
112815026.0,2015-11-21,Piper's Creek,720,dead,chum,,adult,female,yes,spawned,yes,Moderately,2015,36.0,26.5,5.0,,scanned,salmon_2015_scanned_raw.csv,,,,,,,,,,,
112815027.0,2015-11-21,Piper's Creek,730,dead,chum,,adult,male,yes,partially spawned,scavenged,Eyes only scavenged,2015,72.0,25.0,4.5,,scanned,salmon_2015_scanned_raw.csv,,,,,,,,,,,
112815028.0,2015-11-21,Piper's Creek,730,live,chum,,adult,female,yes,,yes,,2015,,,,,scanned,salmon_2015_scanned_raw.csv,,,,,,,,,,,
112815029.0,2015-11-21,Piper's Creek,730,live,chum,,adult,,yes,,,,2015,,,,,scanned,salmon_2015_scanned_raw.csv,,,,,,,,,,,
112815030.0,2015-11-21,Piper's Creek,790,dead,chum,,adult,female,yes,spawned,yes,Heavily,2015,60.0,26.0,5.0,,scanned,salmon_2015_scanned_raw.csv,,,,,,,,,,,
112815031.0,2015-11-21,Piper's Creek,790,dead,chum,,adult,male,yes,spawned,scavenged,Eyes only scavenged,2015,60.0,26.0,5.0,,scanned,salmon_2015_scanned_raw.csv,,,,,,,,,,,
112815032.0,2015-11-21,Piper's Creek,790,dead,chum,,adult,male,yes,partially spawned,scavenged,Eyes only scavenged,2015,48.0,29.0,6.5,,scanned,salmon_2015_scanned_raw.csv,,,,,,,,,,,
112815033.0,2015-11-21,Piper's Creek,800,dead,chum,,adult,female,yes,spawned,scavenged,Eyes only scavenged,2015,72.0,23.5,4.0,,scanned,salmon_2015_scanned_raw.csv,,,,,,,,,,,
112815034.0,2015-11-21,Piper's Creek,800,dead,chum,,adult,female,yes,spawned,scavenged,Eyes only scavenged,2015,72.0,23.0,4.25,,scanned,salmon_2015_scanned_raw.csv,,,,,,,,,,,
112815035.0,2015-11-21,Piper's Creek,815,live,chum,,adult,female,,,,,2015,,,,,scanned,salmon_2015_scanned_raw.csv,,,,,,,,,,,
112815036.0,2015-11-21,Piper's Creek,860,redd,,1.5”,,,,,,Known redd,2015,,,,gravel,scanned,salmon_2015_scanned_raw.csv,,,,,,,,,,,
112815037.0,2015-11-21,Piper's Creek,875,dead,chum,,adult,female,yes,spawned,yes,Heavily,2015,36.0,34.0,4.5,,scanned,salmon_2015_scanned_raw.csv,,,,,,,,,,,
112815038.0,2015-11-21,Piper's Creek,885,dead,chum,,adult,female,yes,spawned,yes,,2015,48.0,28.0,5.5,,scanned,salmon_2015_scanned_raw.csv,,,,,,,,,,,
112815039.0,2015-11-21,Piper's Creek,900,dead,chum,,adult,female,yes,spawned,no,,2015,24.0,26.0,5.0,,scanned,salmon_2015_scanned_raw.csv,,,,,,,,,,,
112815040.0,2015-11-21,Piper's Creek,910,dead,chum,,adult,female,yes,spawned,scavenged,Eyes only scavenged,2015,72.0,26.0,4.0,,scanned,salmon_2015_scanned_raw.csv,,,,,,,,,,,
112815041.0,2015-11-21,Piper's Creek,930,remnant,chum,,adult,female,yes,spawned,yes,Heavily,2015,36.0,,,,scanned,salmon_2015_scanned_raw.csv,,,,,,,,,,,
112815042.0,2015-11-21,Piper's Creek,1020,dead,chum,,adult,male,yes,partially spawned,scavenged,Eyes only scavenged,2015,48.0,5.5,5.0,,scanned,salmon_2015_scanned_raw.csv,,,,,,,,,,,
112815043.0,2015-11-21,Piper's Creek,1030,dead,chum,,adult,female,yes,spawned,no,,2015,36.0,26.0,4.5,,scanned,salmon_2015_scanned_raw.csv,,,,,,,,,,,
112815044.0,2015-11-21,Piper's Creek,1030,dead,chum,,adult,female,yes,spawned,no,,2015,36.0,26.0,4.5,,scanned,salmon_2015_scanned_raw.csv,,,,,,,,,,,
112815045.0,2015-11-21,Piper's Creek,1050,dead,chum,,adult,female,yes,spawned,scavenged,Eyes only scavenged,2015,48.0,23.0,4.0,,scanned,salmon_2015_scanned_raw.csv,,,,,,,,,,,
112815046.0,2015-11-21,Piper's Creek,1050,live,chum,,adult,female,,,,,2015,,,,,scanned,salmon_2015_scanned_raw.csv,,,,,,,,,,,
112815047.0,2015-11-21,Piper's Creek,1050,live,chum,,adult,,,,,,2015,,,,,scanned,salmon_2015_scanned_raw.csv,,,,,,,,,,,
112815048.0,2015-11-21,Piper's Creek,1090,live,chum,,adult,,,,,,2015,,,,,scanned,salmon_2015_scanned_raw.csv,,,,,,,,,,,
112815049.0,2015-11-21,Piper's Creek,1120,live,chum,,adult,,,,,,2015,,,,,scanned,salmon_2015_scanned_raw.csv,,,,,,,,,,,
112815050.0,2015-11-21,Piper's Creek,1160,dead,chum,,adult,female,yes,spawned,no,,2015,24.0,23.0,4.0,,scanned,salmon_2015_scanned_raw.csv,,,,,,,,,,,
112815051.0,2015-11-21,Piper's Creek,1160,dead,chum,,adult,female,yes,spawned,scavenged,Eyes only scavenged,2015,48.0,22.5,4.0,,scanned,salmon_2015_scanned_raw.csv,,,,,,,,,,,
112815052.0,2015-11-21,Piper's Creek,1190,dead,chum,,adult,female,yes,spawned,no,,2015,24.0,25.0,5.0,,scanned,salmon_2015_scanned_raw.csv,,,,,,,,,,,
112815053.0,2015-11-21,Piper's Creek,1210,dead,chum,,adult,female,yes,spawned,scavenged,,2015,48.0,24.0,4.25,,scanned,salmon_2015_scanned_raw.csv,,,,,,,,,,,
112815054.0,2015-11-21,Piper's Creek,1250,live,chum,,adult,male,,,,,2015,,,,,scanned,salmon_2015_scanned_raw.csv,,,,,,,,,,,
112815055.0,2015-11-21,Piper's Creek,1250,live,chum,,adult,female,,,,,2015,,,,,scanned,salmon_2015_scanned_raw.csv,,,,,,,,,,,
112815056.0,2015-11-21,Piper's Creek,1250,redd,,1.0-2.0”,,,,,,Multiple redds at this location,2015,,,,gravel,scanned,salmon_2015_scanned_raw.csv,,,,,,,,,,,
112815057.0,2015-11-21,Piper's Creek,1265,live,chum,,adult,female,,,,,2015,,,,,scanned,salmon_2015_scanned_raw.csv,,,,,,,,,,,
112815058.0,2015-11-21,Piper's Creek,1265,live,chum,,adult,female,,,,,2015,,,,,scanned,salmon_2015_scanned_raw.csv,,,,,,,,,,,
112815059.0,2015-11-21,Piper's Creek,1265,live,chum,,adult,male,,,,,2015,,,,,scanned,salmon_2015_scanned_raw.csv,,,,,,,,,,,
112815060.0,2015-11-21,Piper's Creek,1265,dead,chum,,adult,female,yes,spawned,scavenged,Eyes only scavenged,2015,48.0,25.0,5.0,,scanned,salmon_2015_scanned_raw.csv,,,,,,,,,,,
112815061.0,2015-11-21,Piper's Creek,1265,dead,chum,,adult,female,yes,spawned,scavenged,Eyes only scavenged,2015,48.0,25.0,5.0,,scanned,salmon_2015_scanned_raw.csv,,,,,,,,,,,
112815062.0,2015-11-21,Piper's Creek,1275,live,chum,,adult,,,,,,2015,,,,,scanned,salmon_2015_scanned_raw.csv,,,,,,,,,,,
112815063.0,2015-11-21,Piper's Creek,1275,dead,chum,,adult,female,yes,spawned,scavenged,Eyes only scavenged,2015,72.0,25.0,4.5,,scanned,salmon_2015_scanned_raw.csv,,,,,,,,,,,
112815064.0,2015-11-21,Piper's Creek,1275,dead,chum,,adult,female,yes,spawned,no,,2015,72.0,25.0,4.0,,scanned,salmon_2015_scanned_raw.csv,,,,,,,,,,,
112815065.0,2015-11-21,Piper's Creek,1270,dead,chum,,adult,male,yes,spawned,scavenged,Eyes only scavenged,2015,48.0,26.0,6.0,,scanned,salmon_2015_scanned_raw.csv,,,,,,,,,,,
112815066.0,2015-11-21,Piper's Creek,1275,live,chum,,adult,,,,,,2015,,,,,scanned,salmon_2015_scanned_raw.csv,,,,,,,,,,,
112815067.0,2015-11-21,Piper's Creek,1275,live,chum,,adult,,,,,,2015,,,,,scanned,salmon_2015_scanned_raw.csv,,,,,,,,,,,
112815068.0,2015-11-21,Piper's Creek,1310,dead,chum,,adult,male,yes,partially spawned,no,,2015,12.0,25.0,5.0,,scanned,salmon_2015_scanned_raw.csv,,,,,,,,,,,
112815069.0,2015-11-21,Piper's Creek,1310,dead,chum,,adult,female,yes,spawned,scavenged,Eyes only scavenged,2015,72.0,29.0,5.0,,scanned,salmon_2015_scanned_raw.csv,,,,,,,,,,,
112815070.0,2015-11-21,Piper's Creek,1345,live,chum,,adult,male,,,,,2015,,,,,scanned,salmon_2015_scanned_raw.csv,,,,,,,,,,,
112815071.0,2015-11-21,Piper's Creek,1350,dead,chum,,adult,female,yes,spawned,yes,,2015,48.0,25.0,4.0,,scanned,salmon_2015_scanned_raw.csv,,,,,,,,,,,
112815072.0,2015-11-21,Piper's Creek,1350,dead,chum,,adult,female,yes,spawned,scavenged,Eyes only scavenged,2015,24.0,26.0,5.0,,scanned,salmon_2015_scanned_raw.csv,,,,,,,,,,,
112815073.0,2015-11-21,Piper's Creek,1370,dead,chum,,adult,male,yes,partially spawned,yes,,2015,60.0,27.0,6.0,,scanned,salmon_2015_scanned_raw.csv,,,,,,,,,,,
112815074.0,2015-11-21,Piper's Creek,1385,dead,chum,,adult,female,yes,spawned,scavenged,,2015,72.0,24.0,4.0,,scanned,salmon_2015_scanned_raw.csv,,,,,,,,,,,
112815075.0,2015-11-21,Piper's Creek,1415,dead,chum,,adult,female,yes,spawned,no,,2015,120.0,24.0,4.5,,scanned,salmon_2015_scanned_raw.csv,,,,,,,,,,,
112815076.0,2015-11-21,Piper's Creek,1415,live,chum,,adult,female,,,,,2015,,,,,scanned,salmon_2015_scanned_raw.csv,,,,,,,,,,,
112815077.0,2015-11-21,Piper's Creek,1415,live,chum,,adult,,,,,,2015,,,,,scanned,salmon_2015_scanned_raw.csv,,,,,,,,,,,
112815078.0,2015-11-21,Piper's Creek,1415,live,cutthroat,,adult,,,,,,2015,,,,,scanned,salmon_2015_scanned_raw.csv,,,,,,,,,,,
112815079.0,2015-11-21,Piper's Creek,1440,live,chum,,adult,male,,,,,2015,,,,,scanned,salmon_2015_scanned_raw.csv,,,,,,,,,,,
112815080.0,2015-11-21,Piper's Creek,1460,dead,chum,,adult,female,yes,partially spawned,scavenged,,2015,36.0,24.0,4.5,,scanned,salmon_2015_scanned_raw.csv,,,,,,,,,,,
112815081.0,2015-11-21,Piper's Creek,1460,dead,chum,,adult,male,yes,spawned,scavenged,Eyes only scavenged,2015,60.0,30.0,6.5,,scanned,salmon_2015_scanned_raw.csv,,,,,,,,,,,
112815082.0,2015-11-21,Piper's Creek,1470,live,chum,,adult,,,,,,2015,,,,,scanned,salmon_2015_scanned_raw.csv,,,,,,,,,,,
112815083.0,2015-11-21,Piper's Creek,1470,live,chum,,adult,female,,,,,2015,,,,,scanned,salmon_2015_scanned_raw.csv,,,,,,,,,,,
112815084.0,2015-11-21,Piper's Creek,1475,dead,chum,,adult,male,yes,partially spawned,scavenged,Eyes only scavenged,2015,60.0,29.0,5.5,,scanned,salmon_2015_scanned_raw.csv,,,,,,,,,,,
112815085.0,2015-11-21,Piper's Creek,1475,dead,chum,,adult,female,yes,partially spawned,no,,2015,60.0,25.5,4.5,,scanned,salmon_2015_scanned_raw.csv,,,,,,,,,,,
112815086.0,2015-11-21,Piper's Creek,1475,dead,chum,,adult,female,yes,spawned,yes,Heavily,2015,60.0,25.0,5.0,,scanned,salmon_2015_scanned_raw.csv,,,,,,,,,,,
112815087.0,2015-11-21,Piper's Creek,1475,dead,chum,,adult,female,yes,spawned,no,,2015,60.0,24.0,4.0,,scanned,salmon_2015_scanned_raw.csv,,,,,,,,,,,
112815088.0,2015-11-21,Piper's Creek,1475,dead,chum,,adult,female,yes,spawned,no,,2015,60.0,26.0,5.0,,scanned,salmon_2015_scanned_raw.csv,,,,,,,,,,,
112815089.0,2015-11-21,Piper's Creek,1475,dead,chum,,adult,female,yes,spawned,scavenged,Eyes only scavenged,2015,60.0,22.0,3.5,,scanned,salmon_2015_scanned_raw.csv,,,,,,,,,,,
112815090.0,2015-11-21,Piper's Creek,1475,dead,chum,,adult,male,yes,partially spawned,no,,2015,24.0,24.5,4.5,,scanned,salmon_2015_scanned_raw.csv,,,,,,,,,,,
112815091.0,2015-11-21,Piper's Creek,1495,dead,chum,,adult,female,yes,spawned,yes,Eyes only scavenged,2015,24.0,24.4,4.0,,scanned,salmon_2015_scanned_raw.csv,,,,,,,,,,,
112815092.0,2015-11-21,Piper's Creek,1550,live,chum,,adult,female,,,,,2015,,,,,scanned,salmon_2015_scanned_raw.csv,,,,,,,,,,,
112815093.0,2015-11-21,Piper's Creek,1600,live,chum,,adult,female,,,,,2015,,,,,scanned,salmon_2015_scanned_raw.csv,,,,,,,,,,,
112815094.0,2015-11-21,Piper's Creek,1630,live,chum,,adult,,,,,,2015,,,,,scanned,salmon_2015_scanned_raw.csv,,,,,,,,,,,
112815095.0,2015-11-21,Piper's Creek,1630,live,chum,,adult,,,,,,2015,,,,,scanned,salmon_2015_scanned_raw.csv,,,,,,,,,,,
112815096.0,2015-11-21,Piper's Creek,1630,live,chum,,adult,,,,,,2015,,,,,scanned,salmon_2015_scanned_raw.csv,,,,,,,,,,,
112815097.0,2015-11-21,Piper's Creek,1630,live,chum,,adult,female,,,,,2015,,,,,scanned,salmon_2015_scanned_raw.csv,,,,,,,,,,,
112815098.0,2015-11-21,Piper's Creek,1630,live,chum,,adult,female,,,,,2015,,,,,scanned,salmon_2015_scanned_raw.csv,,,,,,,,,,,
112815099.0,2015-11-21,Piper's Creek,1630,dead,chum,,adult,male,yes,partially spawned,scavenged,Eyes only scavenged,2015,96.0,27.0,5.0,,scanned,salmon_2015_scanned_raw.csv,,,,,,,,,,,
112815100.0,2015-11-21,Piper's Creek,1660,live,cutthroat,,adult,,,,,,2015,,,,,scanned,salmon_2015_scanned_raw.csv,,,,,,,,,,,
112815101.0,2015-11-21,Piper's Creek,1670,dead,chum,,adult,female,yes,spawned,scavenged,Eyes only scavenged,2015,60.0,25.0,5.0,,scanned,salmon_2015_scanned_raw.csv,,,,,,,,,,,
112815102.0,2015-11-21,Piper's Creek,1670,dead,chum,,adult,female,yes,spawned,no,,2015,12.0,25.0,5.0,,scanned,salmon_2015_scanned_raw.csv,,,,,,,,,,,
112815103.0,2015-11-21,Piper's Creek,1670,dead,chum,,adult,female,yes,spawned,scavenged,Eyes only scavenged,2015,24.0,25.5,4.5,,scanned,salmon_2015_scanned_raw.csv,,,,,,,,,,,
112815104.0,2015-11-21,Piper's Creek,1690,dead,chum,,adult,male,yes,,yes,,2015,36.0,25.5,5.0,,scanned,salmon_2015_scanned_raw.csv,,,,,,,,,,,
112815105.0,2015-11-21,Piper's Creek,1710,dead,chum,,adult,female,yes,spawned,no,,2015,72.0,23.0,4.0,,scanned,salmon_2015_scanned_raw.csv,,,,,,,,,,,
112815106.0,2015-11-21,Piper's Creek,1710,dead,chum,,adult,female,yes,,yes,,2015,72.0,24.0,4.0,,scanned,salmon_2015_scanned_raw.csv,,,,,,,,,,,
112815107.0,2015-11-21,Piper's Creek,1710,dead,chum,,adult,female,yes,spawned,scavenged,,2015,72.0,24.0,4.5,,scanned,salmon_2015_scanned_raw.csv,,,,,,,,,,,
112815108.0,2015-11-21,Piper's Creek,1740,live,chum,,adult,female,yes,,,,2015,,,,,scanned,salmon_2015_scanned_raw.csv,,,,,,,,,,,
112815109.0,2015-11-21,Piper's Creek,1740,live,chum,,adult,female,yes,,,,2015,,,,,scanned,salmon_2015_scanned_raw.csv,,,,,,,,,,,
112815110.0,2015-11-21,Piper's Creek,1740,live,chum,,adult,male,yes,,,,2015,,,,,scanned,salmon_2015_scanned_raw.csv,,,,,,,,,,,
112815111.0,2015-11-21,Piper's Creek,1745,dead,chum,,adult,male,yes,spawned,yes,,2015,60.0,26.0,5.0,,scanned,salmon_2015_scanned_raw.csv,,,,,,,,,,,
112815112.0,2015-11-21,Piper's Creek,1750,dead,chum,,adult,female,yes,spawned,scavenged,Eyes only scavenged,2015,12.0,23.0,4.0,,scanned,salmon_2015_scanned_raw.csv,,,,,,,,,,,
112815113.0,2015-11-21,Piper's Creek,1750,live,chum,,adult,,yes,,,,2015,,,,,scanned,salmon_2015_scanned_raw.csv,,,,,,,,,,,
112815114.0,2015-11-21,Piper's Creek,1750,dead,chum,,adult,female,yes,spawned,yes,,2015,12.0,24.0,4.0,,scanned,salmon_2015_scanned_raw.csv,,,,,,,,,,,
112815115.0,2015-11-21,Piper's Creek,1780,dead,chum,,adult,male,yes,partially spawned,scavenged,Eyes only scavenged,2015,24.0,26.0,5.0,,scanned,salmon_2015_scanned_raw.csv,,,,,,,,,,,
112815116.0,2015-11-21,Piper's Creek,1780,live,chum,,adult,female,yes,,,,2015,,,,,scanned,salmon_2015_scanned_raw.csv,,,,,,,,,,,
112815117.0,2015-11-21,Piper's Creek,1780,live,chum,,adult,female,yes,,,,2015,,,,,scanned,salmon_2015_scanned_raw.csv,,,,,,,,,,,
112815118.0,2015-11-21,Piper's Creek,1800,live,chum,,adult,female,yes,,,,2015,,,,,scanned,salmon_2015_scanned_raw.csv,,,,,,,,,,,
112815119.0,2015-11-21,Piper's Creek,1800,live,chum,,adult,male,yes,,,,2015,,,,,scanned,salmon_2015_scanned_raw.csv,,,,,,,,,,,
112815120.0,2015-11-21,Piper's Creek,1810,live,chum,,adult,female,yes,,,,2015,,,,,scanned,salmon_2015_scanned_raw.csv,,,,,,,,,,,
112815121.0,2015-11-21,Piper's Creek,1850,live,chum,,adult,female,yes,,,,2015,,,,,scanned,salmon_2015_scanned_raw.csv,,,,,,,,,,,
112815122.0,2015-11-21,Piper's Creek,1850,live,chum,,adult,male,yes,,,,2015,,,,,scanned,salmon_2015_scanned_raw.csv,,,,,,,,,,,
112815123.0,2015-11-21,Piper's Creek,1885,live,chum,,adult,,yes,,,,2015,,,,,scanned,salmon_2015_scanned_raw.csv,,,,,,,,,,,
112815124.0,2015-11-21,Piper's Creek,1885,live,chum,,adult,,yes,,,,2015,,,,,scanned,salmon_2015_scanned_raw.csv,,,,,,,,,,,
112815125.0,2015-11-21,Piper's Creek,1885,live,chum,,adult,,yes,,,,2015,,,,,scanned,salmon_2015_scanned_raw.csv,,,,,,,,,,,
112815126.0,2015-11-21,Piper's Creek,1885,live,chum,,adult,male,yes,,,,2015,,,,,scanned,salmon_2015_scanned_raw.csv,,,,,,,,,,,
112815127.0,2015-11-21,Piper's Creek,1885,dead,chum,,adult,female,yes,spawned,no,,2015,12.0,26.0,5.0,,scanned,salmon_2015_scanned_raw.csv,,,,,,,,,,,
112815128.0,2015-11-21,Piper's Creek,1900,dead,chum,,adult,male,yes,partially spawned,no,,2015,18.0,29.0,6.0,,scanned,salmon_2015_scanned_raw.csv,,,,,,,,,,,
112815129.0,2015-11-21,Piper's Creek,1915,live,chum,,adult,,yes,,,,2015,,,,,scanned,salmon_2015_scanned_raw.csv,,,,,,,,,,,
112815130.0,2015-11-21,Piper's Creek,1970,live,chum,,adult,male,yes,,,,2015,,,,,scanned,salmon_2015_scanned_raw.csv,,,,,,,,,,,
112815131.0,2015-11-21,Piper's Creek,1970,live,chum,,adult,,yes,,,,2015,,,,,scanned,salmon_2015_scanned_raw.csv,,,,,,,,,,,
112815132.0,2015-11-21,Piper's Creek,1970,live,chum,,adult,,yes,,,,2015,,,,,scanned,salmon_2015_scanned_raw.csv,,,,,,,,,,,
112815133.0,2015-11-21,Piper's Creek,1970,live,cutthroat,,,,,,,,2015,,,,,scanned,salmon_2015_scanned_raw.csv,,,,,,,,,,,
120515001.0,2015-12-05,Piper's Creek,100,live,chum,,adult,male,,,no,Very turbid,2015,,,,,scanned,salmon_2015_scanned_raw.csv,,,,,,,,,,,
120515002.0,2015-12-05,Piper's Creek,240,dead,chum,,adult,female,yes,spawned,no,Very high flow,2015,24.0,25.0,5.0,,scanned,salmon_2015_scanned_raw.csv,,,,,,,,,,,
120515003.0,2015-12-05,Piper's Creek,250,dead,chum,,adult,female,yes,,yes,"Tide is high, high dlow",2015,48.0,24.0,4.5,,scanned,salmon_2015_scanned_raw.csv,,,,,,,,,,,
120515004.0,2015-12-05,Piper's Creek,370,dead,chum,,adult,female,yes,spawned,scavenged,Eyes only scavenged,2015,36.0,25.0,4.5,,scanned,salmon_2015_scanned_raw.csv,,,,,,,,,,,
120515005.0,2015-12-05,Piper's Creek,400,dead,chum,,adult,,yes,,,,2015,,,,,scanned,salmon_2015_scanned_raw.csv,,,,,,,,,,,
120515006.0,2015-12-05,Piper's Creek,405,dead,chum,,adult,,yes,,,,2015,,,,,scanned,salmon_2015_scanned_raw.csv,,,,,,,,,,,
120515007.0,2015-12-05,Piper's Creek,440,dead,chum,,adult,male,yes,spawned,no,,2015,96.0,23.0,4.0,,scanned,salmon_2015_scanned_raw.csv,,,,,,,,,,,
120515008.0,2015-12-05,Piper's Creek,505,dead,chum,,adult,male,yes,partially spawned,no,,2015,12.0,25.0,5.0,,scanned,salmon_2015_scanned_raw.csv,,,,,,,,,,,
120515009.0,2015-12-05,Piper's Creek,605,dead,chum,,adult,male,yes,spawned,yes,Head cavity only,2015,72.0,27.0,5.0,,scanned,salmon_2015_scanned_raw.csv,,,,,,,,,,,
120515010.0,2015-12-05,Piper's Creek,660,dead,chum,,adult,male,yes,spawned,no,,2015,48.0,26.5,5.0,,scanned,salmon_2015_scanned_raw.csv,,,,,,,,,,,
120515011.0,2015-12-05,Piper's Creek,660,dead,chum,,adult,male,yes,spawned,scavenged,Eyes only scavenged,2015,24.0,31.0,7.0,,scanned,salmon_2015_scanned_raw.csv,,,,,,,,,,,
120515012.0,2015-12-05,Piper's Creek,660,dead,chum,,adult,female,yes,spawned,no,,2015,48.0,26.0,4.0,,scanned,salmon_2015_scanned_raw.csv,,,,,,,,,,,
120515013.0,2015-12-05,Piper's Creek,670,dead,chum,,adult,male,yes,spawned,yes,,2015,72.0,24.5,4.5,,scanned,salmon_2015_scanned_raw.csv,,,,,,,,,,,
120515015.0,2015-12-05,Piper's Creek,715,dead,chum,,adult,female,yes,spawned,yes,,2015,48.0,25.0,4.5,,scanned,salmon_2015_scanned_raw.csv,,,,,,,,,,,
120515016.0,2015-12-05,Piper's Creek,820,dead,chum,,adult,female,,spawned,yes,,2015,24.0,23.0,4.0,,scanned,salmon_2015_scanned_raw.csv,,,,,,,,,,,
120515017.0,2015-12-05,Piper's Creek,835,dead,chum,,adult,female,,spawned,no,,2015,72.0,25.0,4.0,,scanned,salmon_2015_scanned_raw.csv,,,,,,,,,,,
120515018.0,2015-12-05,Piper's Creek,845,dead,chum,,adult,male,,spawned,scavenged,Eyes only scavenged,2015,12.0,29.0,6.0,,scanned,salmon_2015_scanned_raw.csv,,,,,,,,,,,
120515019.0,2015-12-05,Piper's Creek,900,dead,chum,,adult,male,,spawned,no,,2015,96.0,28.0,4.5,,scanned,salmon_2015_scanned_raw.csv,,,,,,,,,,,
120515020.0,2015-12-05,Piper's Creek,905,dead,chum,,adult,male,,spawned,scavenged,Eyes only scavenged,2015,24.0,31.0,7.0,,scanned,salmon_2015_scanned_raw.csv,,,,,,,,,,,
120515021.0,2015-12-05,Piper's Creek,905,dead,chum,,adult,female,,spawned,scavenged,Eyes only scavenged,2015,24.0,24.5,5.0,,scanned,salmon_2015_scanned_raw.csv,,,,,,,,,,,
120515022.0,2015-12-05,Piper's Creek,915,dead,chum,,adult,male,,,yes,,2015,24.0,27.0,4.5,,scanned,salmon_2015_scanned_raw.csv,,,,,,,,,,,
120515023.0,2015-12-05,Piper's Creek,1025,dead,chum,,adult,male,,spawned,scavenged,Eyes only scavenged,2015,24.0,25.0,4.5,,scanned,salmon_2015_scanned_raw.csv,,,,,,,,,,,
120515024.0,2015-12-05,Piper's Creek,1030,dead,chum,,adult,female,,spawned,scavenged,Eyes only scavenged,2015,36.0,26.0,4.5,,scanned,salmon_2015_scanned_raw.csv,,,,,,,,,,,
120515025.0,2015-12-05,Piper's Creek,1060,dead,chum,,adult,male,,partially spawned,scavenged,Eyes only scavenged,2015,12.0,22.0,4.5,,scanned,salmon_2015_scanned_raw.csv,,,,,,,,,,,
120515026.0,2015-12-05,Piper's Creek,1100,dead,chum,,adult,female,,spawned,yes,,2015,24.0,26.0,4.5,,scanned,salmon_2015_scanned_raw.csv,,,,,,,,,,,
120515027.0,2015-12-05,Piper's Creek,1160,remnant,chum,,adult,male,,,yes,,2015,,,,,scanned,salmon_2015_scanned_raw.csv,,,,,,,,,,,
120515028.0,2015-12-05,Piper's Creek,1300,dead,chum,,adult,female,,,yes,,2015,48.0,26.0,4.5,,scanned,salmon_2015_scanned_raw.csv,,,,,,,,,,,
120515029.0,2015-12-05,Piper's Creek,1300,dead,chum,,adult,female,,spawned,yes,,2015,72.0,25.0,4.5,,scanned,salmon_2015_scanned_raw.csv,,,,,,,,,,,
120515030.0,2015-12-05,Piper's Creek,1490,dead,chum,,adult,female,,spawned,scavenged,Eyes only scavenged,2015,12.0,24.0,4.0,,scanned,salmon_2015_scanned_raw.csv,,,,,,,,,,,
120515031.0,2015-12-05,Piper's Creek,1495,dead,chum,,adult,male,,partially spawned,scavenged,Eyes only scavenged,2015,47.0,27.0,5.0,,scanned,salmon_2015_scanned_raw.csv,,,,,,,,,,,
120515032.0,2015-12-05,Piper's Creek,1520,dead,chum,,adult,male,,spawned,yes,,2015,120.0,24.0,4.0,,scanned,salmon_2015_scanned_raw.csv,,,,,,,,,,,
120515033.0,2015-12-05,Piper's Creek,1530,dead,chum,,adult,female,,spawned,scavenged,Eyes only scavenged,2015,72.0,24.0,3.5,,scanned,salmon_2015_scanned_raw.csv,,,,,,,,,,,
120515034.0,2015-12-05,Piper's Creek,1620,live,,,adult,,,,,,2015,,,,,scanned,salmon_2015_scanned_raw.csv,,,,,,,,,,,
120515035.0,2015-12-05,Piper's Creek,1720,live,,,adult,male,,,,,2015,,,,,scanned,salmon_2015_scanned_raw.csv,,,,,,,,,,,
120515036.0,2015-12-05,Piper's Creek,1730,remnant,chum,,,,,,scavenged,,2015,,,,,scanned,salmon_2015_scanned_raw.csv,,,,,,,,,,,
120515037.0,2015-12-05,Piper's Creek,1850,remnant,chum,,,female,,,,,2015,,,,,scanned,salmon_2015_scanned_raw.csv,,,,,,,,,,,
120515038.0,2015-12-05,Piper's Creek,1925,live,chum,,,male,,,,,2015,,,,,scanned,salmon_2015_scanned_raw.csv,,,,,,,,,,,
120515039.0,2015-12-05,Piper's Creek,1990,remnant,chum,,,male,,,,,2015,,,,,scanned,salmon_2015_scanned_raw.csv,,,,,,,,,,,
121215001.0,2015-12-12,Piper's Creek,0,remnant,chum,,adult,,,,," original distance: Beach
0",2015,96.0,,,,scanned,salmon_2015_scanned_raw.csv,,,,,,,,,,,
121215002.0,2015-12-12,Piper's Creek,0,dead,chum,,adult,female,,spawned,scavenged," original distance: Beach
0",2015,36.0,23.0,3.5,,scanned,salmon_2015_scanned_raw.csv,,,,,,,,,,,
121215003.0,2015-12-12,Piper's Creek,100,remnant,chum,,adult,,,,yes,Heavy predation,2015,72.0,,,,scanned,salmon_2015_scanned_raw.csv,,,,,,,,,,,
121215004.0,2015-12-12,Piper's Creek,200,dead,chum,,adult,female,,spawned,no,,2015,72.0,25.5,4.0,,scanned,salmon_2015_scanned_raw.csv,,,,,,,,,,,
121215005.0,2015-12-12,Piper's Creek,250,dead,chum,,adult,female,,partially spawned,no,,2015,72.0,24.5,4.5,,scanned,salmon_2015_scanned_raw.csv,,,,,,,,,,,
121215006.0,2015-12-12,Piper's Creek,450,dead,chum,,adult,female,,spawned,yes,,2015,,26.0,4.5,,scanned,salmon_2015_scanned_raw.csv,,,,,,,,,,,
121215007.0,2015-12-12,Piper's Creek,500,dead,chum,,adult,male,,spawned,yes,,2015,,24.0,4.0,,scanned,salmon_2015_scanned_raw.csv,,,,,,,,,,,
121215008.0,2015-12-12,Piper's Creek,650,dead,chum,,adult,female,,spawned,,,2015,36.0,23.5,4.0,,scanned,salmon_2015_scanned_raw.csv,,,,,,,,,,,
121215009.0,2015-12-12,Piper's Creek,800,dead,chum,,adult,female,,partially spawned,,,2015,72.0,23.0,4.0,,scanned,salmon_2015_scanned_raw.csv,,,,,,,,,,,
121215010.0,2015-12-12,Piper's Creek,1530,remnant,chum,,adult,female,,spawned,,,2015,72.0,26.0,4.0,,scanned,salmon_2015_scanned_raw.csv,,,,,,,,,,,
